{
  "_comment": "All poses are [x, y, z, rx, ry, rz] in meters and radians.",

  "home_pose": [-0.413575, -0.018553, 0.301400, -2.159797, -2.276580, -0.035872],

  "pick_pose": {
    "grasp": [-0.413541, -0.011385, 0.186335, -2.159761, -2.276700, -0.035920]
  },

  "approach_height_offset": 0.070,

  "move_parameters": {
    "velocity": 0.07,
    "acceleration": 0.15,
    "blend_radius": 0.0
  },

  "place_poses": [
    [-0.610764, -0.177490, 0.186335, -2.114769, -2.226848, 0.062022],
    [-0.610774, 0.015608, 0.186335, -2.114584, -2.226984, 0.062136],
    [-0.627543, 0.212888, 0.186335, -2.114759, -2.226796, 0.062091],
    [-0.458533, 0.178092, 0.186335, -2.114487, -2.226902, 0.062230],
    [-0.263032, 0.154345, 0.186335, -2.114659, -2.226885, 0.062118],
    [-0.263019, -0.146132, 0.186335, -2.114341, -2.227124, 0.062153],
    [-0.420660, -0.146139, 0.186335, -2.114482, -2.227097, 0.062044]
  ]
}